ID;Elapsed.Time;Time;Month;Year;Ontogeny;Season;Site;TL;Weight;Fulton;Mg24;Mn55;Cu65;Zn66;Ba138
ID012;72.43798804;72.4;JUL;2022;Juvenile;Late dry;Sao Mateus;187;103.18;1.577868129;241.5913604;0.424835519;0.129304393;0.231232155;15.3834616
ID012;74.70202613;74.7;JUL;2022;Juvenile;Late dry;Sao Mateus;187;103.18;1.577868129;226.4301294;1.293317594;0.121500976;0.425530505;11.28890861
ID012;76.96496606;77;JUL;2022;Juvenile;Late dry;Sao Mateus;187;103.18;1.577868129;224.7558534;0.020573554;0.175123537;0.248622341;8.335335558
ID013;61.11999488;61.1;JUL;2022;Juvenile;Late dry;Sao Mateus;180;89.09;1.52760631;238.5206255;0.055204472;0.276639845;0.301151505;9.635154432
ID013;63.38391089;63.4;JUL;2022;Juvenile;Late dry;Sao Mateus;180;89.09;1.52760631;228.0535575;0.013557984;0.205235041;0.536044162;8.341603521
ID013;65.64697194;65.6;JUL;2022;Juvenile;Late dry;Sao Mateus;180;89.09;1.52760631;236.5418578;0.082921482;0.064443982;0.170802153;7.274193999
ID014;83.75708103;83.8;JUL;2022;Juvenile;Late dry;Sao Mateus;147;42.38;1.334163171;208.8058533;0.082026267;0.108700189;0.274192867;5.916608709
ID014;86.02099705;86;JUL;2022;Juvenile;Late dry;Sao Mateus;147;42.38;1.334163171;246.4631336;0.66465185;0.246070675;0.311389803;4.809160647
ID014;88.28491306;88.3;JUL;2022;Juvenile;Late dry;Sao Mateus;147;42.38;1.334163171;239.1581677;6.158592247;0.06215325;0.086128563;3.811512524
ID015;79.22998118;79.2;JUL;2022;Juvenile;Late dry;Sao Mateus;260;270.16;1.53709604;290.1333588;0.855966997;0.217041913;0.621742687;5.539180867
ID015;81.49292016;81.5;JUL;2022;Juvenile;Late dry;Sao Mateus;260;270.16;1.53709604;291.7043617;0.875834098;0.184232053;0.825462242;6.619572415
ID015;83.75683618;83.8;JUL;2022;Juvenile;Late dry;Sao Mateus;260;270.16;1.53709604;264.2343189;0.343066396;0.003732733;0.318551223;7.018308769
ID016;61.11901903;61.1;JUL;2022;Juvenile;Late dry;Sao Mateus;165;71.29;1.586999471;238.2606044;0.154913364;0.190552857;0.17447936;27.81792526
ID016;63.38305688;63.4;JUL;2022;Juvenile;Late dry;Sao Mateus;165;71.29;1.586999471;224.9250062;0.921604621;0.186918953;0.200917143;18.02452704
ID016;65.64709496;65.6;JUL;2022;Juvenile;Late dry;Sao Mateus;165;71.29;1.586999471;250.8984141;0.228090192;0.1746334;0.824715395;0.438720873
ID018;72.4379878;72.4;JUL;2022;Juvenile;Late dry;Sao Mateus;178;80.86;1.433750988;296.9971948;0.345105164;0.041559136;0.065239552;26.74802163
ID018;74.70190382;74.7;JUL;2022;Juvenile;Late dry;Sao Mateus;178;80.86;1.433750988;278.4242521;0.121614754;0.162691391;2.978498764;19.94209312
ID018;76.96594191;77;JUL;2022;Juvenile;Late dry;Sao Mateus;178;80.86;1.433750988;275.1609717;0.71933762;0.172756239;0.626767865;19.69565509
ID019;65.64794898;65.6;JUL;2022;Juvenile;Late dry;Sao Mateus;167;75.03;1.610962878;240.8816153;1.005317015;0.084976022;0.491779118;17.26165419
ID019;67.91101003;67.9;JUL;2022;Juvenile;Late dry;Sao Mateus;167;75.03;1.610962878;247.2158202;0.506055472;0.08752705;0.249249471;11.83086441
ID019;70.17504907;70.2;JUL;2022;Juvenile;Late dry;Sao Mateus;167;75.03;1.610962878;233.7816454;1.005317015;0.178335444;0.411942846;7.574087673
ID022;61.11987305;61.1;JUL;2022;Juvenile;Late dry;Sao Mateus;167;75.68;1.624918974;231.2430849;0.463730348;0.154183404;0.911264405;17.29682632
ID022;63.38305593;63.4;JUL;2022;Juvenile;Late dry;Sao Mateus;167;75.68;1.624918974;223.4267802;0.74864719;0.131694274;0.732671742;11.12124165
ID022;65.64697194;65.6;JUL;2022;Juvenile;Late dry;Sao Mateus;167;75.68;1.624918974;211.484797;0.431911751;0.011804294;0.194794302;9.109528574
ID023;58.85595703;58.9;JUL;2022;Juvenile;Late dry;Sao Mateus;176;77.56;1.422655663;237.3887707;0.973918723;0.045035594;0.349669571;16.98458922
ID023;61.12011695;61.1;JUL;2022;Juvenile;Late dry;Sao Mateus;176;77.56;1.422655663;244.5468769;0.970691411;0.055104472;0.376457893;10.73691733
ID023;63.38403296;63.4;JUL;2022;Juvenile;Late dry;Sao Mateus;176;77.56;1.422655663;244.7095368;0.637871804;0.633183476;0.136509244;7.531428124
ID032;54.32897902;54.3;JUL;2022;Juvenile;Late dry;Sao Mateus;116;26.24;1.681085735;278.69562;1.937766157;0.096152636;0.419555904;12.13623513
ID032;56.59289503;56.6;JUL;2022;Juvenile;Late dry;Sao Mateus;116;26.24;1.681085735;280.0295724;0.304024509;0.330691169;0.373431431;8.607196276
ID032;58.85595703;58.9;JUL;2022;Juvenile;Late dry;Sao Mateus;116;26.24;1.681085735;279.2350431;1.251570766;0.082643822;0.264136474;7.333572148
ID044;63.38403416;63.4;SEP;2022;Juvenile;Late dry;Sao Mateus;190;101.78;1.48388978;306.8234768;0.216031338;0.212662785;0.698134793;14.86424917
ID044;65.64697313;65.6;SEP;2022;Juvenile;Late dry;Sao Mateus;190;101.78;1.48388978;268.3027485;0.670823743;0.023517287;0.38118564;9.990620402
ID044;67.91101098;67.9;SEP;2022;Juvenile;Late dry;Sao Mateus;190;101.78;1.48388978;274.0170292;0.480047282;2.013809422;0.330307175;10.31146832
ID047;58.85699487;58.9;SEP;2022;Juvenile;Late dry;Sao Mateus;173;84.67;1.635276706;212.0552298;0.621124828;0.009455531;0.168447706;7.344776072
ID047;61.11999488;61.1;SEP;2022;Juvenile;Late dry;Sao Mateus;173;84.67;1.635276706;228.3372371;0.621124828;1.958636696;0.343078876;7.581833985
ID047;63.38400292;63.4;SEP;2022;Juvenile;Late dry;Sao Mateus;173;84.67;1.635276706;217.8776769;1.177919397;0.051906035;0.514210368;6.549387528
ID048;79.22900391;79.2;SEP;2022;Juvenile;Late dry;Sao Mateus;154;63.25;1.73180252;271.3601178;0.034908486;0.044423197;0.224399497;6.624176093
ID048;81.49291992;81.5;SEP;2022;Juvenile;Late dry;Sao Mateus;154;63.25;1.73180252;276.6857917;0.930319836;0.005100441;0.195689331;4.045933327
ID048;83.75683594;83.8;SEP;2022;Juvenile;Late dry;Sao Mateus;154;63.25;1.73180252;261.0046121;0.656203623;0.395552388;0.113617847;4.097660868
ID050;58.85595703;58.9;SEP;2022;Juvenile;Late dry;Sao Mateus;126;32.33;1.616196155;259.8683285;0.23669745;0.023828363;0.726832551;5.944485243
ID050;61.11987305;61.1;SEP;2022;Juvenile;Late dry;Sao Mateus;126;32.33;1.616196155;259.8423745;0.38845024;0.234055325;0.395564384;5.430178023
ID050;63.38281298;63.4;SEP;2022;Juvenile;Late dry;Sao Mateus;126;32.33;1.616196155;272.0035843;2.312468137;0.291870123;0.551856958;4.843108504
ID051;33.95605493;34;SEP;2022;Juvenile;Late dry;Sao Mateus;92;13.05;1.675895866;239.8266495;0.218367803;0.045751732;0.184519963;5.120299296
ID051;36.21997094;36.2;SEP;2022;Juvenile;Late dry;Sao Mateus;92;13.05;1.675895866;256.1947385;0.084440991;0.119698559;0.081088335;4.031290322
ID051;38.48303294;38.5;SEP;2022;Juvenile;Late dry;Sao Mateus;92;13.05;1.675895866;232.0306763;1.235232737;0.367177104;0.183341241;3.655225289
ID052;49.80102491;49.8;SEP;2022;Juvenile;Late dry;Sao Mateus;91;12.43;1.649479611;291.1768492;0.163316998;0.149741665;0.180125337;2.600831222
ID052;52.06494093;52.1;SEP;2022;Juvenile;Late dry;Sao Mateus;91;12.43;1.649479611;440.8914678;3.249411917;0.22623125;0.25691049;2.709824028
ID052;54.32910085;54.3;SEP;2022;Juvenile;Late dry;Sao Mateus;91;12.43;1.649479611;765.463532;0.883810857;0.66160997;4.226262535;2.347732933
ID053;31.69195604;31.7;SEP;2022;Juvenile;Late dry;Sao Mateus;72;5.81;1.556605796;270.8798152;1.816492469;0.162240137;0.188733076;1.513627607
ID053;33.95599413;34;SEP;2022;Juvenile;Late dry;Sao Mateus;72;5.81;1.556605796;268.0055607;1.46172309;0.029855913;0.116161098;1.415788832
ID053;36.21899509;36.2;SEP;2022;Juvenile;Late dry;Sao Mateus;72;5.81;1.556605796;269.2902798;0.310280875;0.155669831;0.037380982;1.250629425
ID070;58.85601807;58.9;OCT;2022;Juvenile;Early wet;Sao Mateus;180;80.87;1.386659808;222.0931689;0.648889412;0.208119312;0.268459431;5.679434366
ID070;61.11999488;61.1;OCT;2022;Juvenile;Early wet;Sao Mateus;180;80.87;1.386659808;233.1206769;0.520348436;0.114238756;0.389009701;5.347402954
ID070;63.38403296;63.4;OCT;2022;Juvenile;Early wet;Sao Mateus;180;80.87;1.386659808;227.6963427;0.830272903;0.032721087;0.268717856;5.186544923
ID072;79.23004079;79.2;AUG;2022;Juvenile;Late dry;Sao Mateus;190;119.96;1.748942995;205.1090189;0.891434012;0.319326032;0.612189126;9.203750446
ID072;81.49304199;81.5;AUG;2022;Juvenile;Late dry;Sao Mateus;190;119.96;1.748942995;205.1618694;0.182872959;3.183086309;0.420742599;8.303103499
ID072;83.7570188;83.8;AUG;2022;Juvenile;Late dry;Sao Mateus;190;119.96;1.748942995;210.1623722;1.520665091;0.202338319;0.076720192;6.922865769
ID073;70.17407298;70.2;AUG;2022;Juvenile;Late dry;Sao Mateus;182;100.45;1.666233175;256.5771776;1.045836779;0.026561654;0.268173251;8.408185856
ID073;72.43811107;72.4;AUG;2022;Juvenile;Late dry;Sao Mateus;182;100.45;1.666233175;254.4377086;0.481081247;0.161273807;0.379785507;7.125554084
ID073;74.70202708;74.7;AUG;2022;Juvenile;Late dry;Sao Mateus;182;100.45;1.666233175;240.0948759;0.260715713;0.175311949;0.114525782;6.241093828
ID074;81.49304199;81.5;AUG;2022;Juvenile;Late dry;Sao Mateus;178;98.82;1.752204707;231.0871699;0.364593628;0.135436875;0.11839668;6.146208177
ID074;83.75701904;83.8;AUG;2022;Juvenile;Late dry;Sao Mateus;178;98.82;1.752204707;240.0582661;0.624173405;0.102801461;0.485813456;5.470654483
ID074;86.02099609;86;AUG;2022;Juvenile;Late dry;Sao Mateus;178;98.82;1.752204707;260.6562872;0.889820572;0.063601453;1.099386939;5.322902761
ID075;72.43896508;72.4;AUG;2022;Juvenile;Late dry;Sao Mateus;182;108.24;1.795451258;196.1174209;2.081888693;0.113628898;0.319297272;6.284848274
ID075;74.70190406;74.7;AUG;2022;Juvenile;Late dry;Sao Mateus;182;108.24;1.795451258;201.4802324;2.221764735;0.077299612;0.176650133;4.972476166
ID075;76.96606398;77;AUG;2022;Juvenile;Late dry;Sao Mateus;182;108.24;1.795451258;212.096656;1.176998002;0.090496167;4.915156822;3.816297767
ID076;74.70196509;74.7;AUG;2022;Juvenile;Late dry;Sao Mateus;147;59.15;1.862098905;211.2051331;2.045045415;0.38994972;0.81867073;9.193528139
ID076;76.96496606;77;AUG;2022;Juvenile;Late dry;Sao Mateus;147;59.15;1.862098905;207.5142215;1.759284409;2.991429832;0.628949252;6.720257518
ID076;79.22900414;79.2;AUG;2022;Juvenile;Late dry;Sao Mateus;147;59.15;1.862098905;181.8394816;1.677748457;0.08678695;5.353116258;5.388859617
ID077;56.59204102;56.6;AUG;2022;Juvenile;Late dry;Sao Mateus;150;58.66;1.738074074;226.3112327;1.971232113;0.070185209;0.04890772;4.290217768
ID077;58.85595703;58.9;AUG;2022;Juvenile;Late dry;Sao Mateus;150;58.66;1.738074074;231.2737027;0.612259703;0.331677464;0.416514953;5.009730355
ID077;61.12011695;61.1;AUG;2022;Juvenile;Late dry;Sao Mateus;150;58.66;1.738074074;255.599838;0.034608811;0.374830298;1.30656761;4.130496248
ID078;67.91101098;67.9;AUG;2022;Juvenile;Late dry;Sao Mateus;134;42.22;1.75470387;283.1978045;0.964326709;0.14109516;0.227104068;6.826354428
ID078;70.174927;70.2;AUG;2022;Juvenile;Late dry;Sao Mateus;134;42.22;1.75470387;278.6517621;0.170368286;0.496642619;0.201157273;5.073119987
ID078;72.43896508;72.4;AUG;2022;Juvenile;Late dry;Sao Mateus;134;42.22;1.75470387;238.4703979;1.753989729;0.107349638;0.013201135;4.531320788
ID079;67.91101098;67.9;AUG;2022;Juvenile;Late dry;Sao Mateus;137;47.25;1.837554004;261.9993644;2.218059192;0.058337731;1.258648241;10.01216193
ID079;70.17504907;70.2;AUG;2022;Juvenile;Late dry;Sao Mateus;137;47.25;1.837554004;264.9152669;2.020928272;0.176923272;0.302261587;8.429831707
ID079;72.43798804;72.4;AUG;2022;Juvenile;Late dry;Sao Mateus;137;47.25;1.837554004;309.9201078;2.786254569;0.344874799;10.57464855;5.574975379
ID080;67.91088796;67.9;AUG;2022;Juvenile;Late dry;Sao Mateus;140;44.55;1.623542274;225.3348715;0.779960858;0.360537279;0.320407373;6.244989845
ID080;70.17492604;70.2;AUG;2022;Juvenile;Late dry;Sao Mateus;140;44.55;1.623542274;297.9330504;0.451899427;0.123713986;1.769452464;5.416412654
ID080;72.43798804;72.4;AUG;2022;Juvenile;Late dry;Sao Mateus;140;44.55;1.623542274;249.5022297;0.27976418;0.360537279;3.819412669;4.690894146
ID081;63.3840332;63.4;AUG;2022;Juvenile;Late dry;Sao Mateus;143;45.89;1.569314347;271.5725756;0.961024358;0.083718161;0.281402976;14.57259872
ID081;65.64794922;65.6;AUG;2022;Juvenile;Late dry;Sao Mateus;143;45.89;1.569314347;280.5134885;0.355114434;0.21991131;0.114755739;8.284759809
ID081;67.91088915;67.9;AUG;2022;Juvenile;Late dry;Sao Mateus;143;45.89;1.569314347;251.3525035;0.533255318;0.062872798;0.396108629;5.88558579
ID082;70.174927;70.2;AUG;2022;Juvenile;Late dry;Sao Mateus;152;65.07;1.85289173;200.5219024;0.38964092;0.176500862;0.634470404;8.828238793
ID082;72.437989;72.4;AUG;2022;Juvenile;Late dry;Sao Mateus;152;65.07;1.85289173;196.501693;0.062057014;0.453034174;0.148988651;7.672192914
ID082;74.70202708;74.7;AUG;2022;Juvenile;Late dry;Sao Mateus;152;65.07;1.85289173;200.4946469;0.729047967;0.39179251;5.195080777;4.798166152
ID083;72.4379878;72.4;AUG;2022;Juvenile;Late dry;Sao Mateus;132;41.52;1.805242508;201.0334457;1.356472287;3.385829195;0.052788105;3.627314314
ID083;74.70202589;74.7;AUG;2022;Juvenile;Late dry;Sao Mateus;132;41.52;1.805242508;209.045041;0.849098821;0.105730369;0.261408451;2.659624814
ID083;76.96600389;77;AUG;2022;Juvenile;Late dry;Sao Mateus;132;41.52;1.805242508;211.4553438;1.121061931;0.099238232;0.214474286;2.535995897
ID121;58.85595679;58.9;AUG;2022;Juvenile;Late dry;Sao Mateus;122;26.3;1.448359114;267.37839;1.134167971;0.255911762;0.447613707;23.13783493
ID121;61.11987281;61.1;AUG;2022;Juvenile;Late dry;Sao Mateus;122;26.3;1.448359114;258.9818796;1.132578858;0.125442706;0.3241005;26.07695435
ID121;63.38403296;63.4;AUG;2022;Juvenile;Late dry;Sao Mateus;122;26.3;1.448359114;260.9394831;1.20823771;0.255911762;0.507688335;40.45735487
ID159;74.70202708;74.7;NOV;2022;Juvenile;Early wet;Sao Mateus;221;158.08;1.464536184;269.7820095;0.142011526;0.218276887;0.565647934;6.216475589
ID159;76.96606493;77;NOV;2022;Juvenile;Early wet;Sao Mateus;221;158.08;1.464536184;267.3005519;0.688629135;0.444617396;0.316506553;6.23149322
ID159;79.23010302;79.2;NOV;2022;Juvenile;Early wet;Sao Mateus;221;158.08;1.464536184;285.9690398;0.184243962;0.253578658;0.488883094;7.586609117
ID160;70.17504907;70.2;NOV;2022;Juvenile;Early wet;Sao Mateus;194;113.54;1.555047646;215.1204489;0.799882766;0.136974754;0.111049839;2.12659835
ID160;72.43896508;72.4;NOV;2022;Juvenile;Early wet;Sao Mateus;194;113.54;1.555047646;205.5367106;1.944061094;0.040848778;0.192077653;2.421084698
ID160;74.70214891;74.7;NOV;2022;Juvenile;Early wet;Sao Mateus;194;113.54;1.555047646;213.3910232;1.02907572;1.181624033;0.199967718;3.351415046
ID161;67.91088796;67.9;NOV;2022;Juvenile;Early wet;Sao Mateus;202;128.24;1.555856007;223.8609224;0.193580616;0.239985033;0.047637857;7.242135743
ID161;70.17394996;70.2;NOV;2022;Juvenile;Early wet;Sao Mateus;202;128.24;1.555856007;244.3480467;0.246509355;0.071623469;0.047637857;7.123612893
ID161;72.43798804;72.4;NOV;2022;Juvenile;Early wet;Sao Mateus;202;128.24;1.555856007;235.3550572;0.089554989;0.276815486;2.835760031;6.955833513
ID162;76.96582103;77;NOV;2022;Juvenile;Early wet;Sao Mateus;182;102.44;1.699242673;247.6614277;0.911462528;0.182015341;0.276260898;4.188562491
ID162;79.22998095;79.2;NOV;2022;Juvenile;Early wet;Sao Mateus;182;102.44;1.699242673;248.4717773;1.6061929;0.006004999;0.047259359;4.357250237
ID162;81.49291992;81.5;NOV;2022;Juvenile;Early wet;Sao Mateus;182;102.44;1.699242673;265.0263696;0.213852764;0.071380085;0.42610699;5.942678792
ID163;74.70202589;74.7;DEC;2022;Juvenile;Early wet;Sao Mateus;222;173.01;1.581292761;222.9822673;0.392292882;0.208811795;0.671876845;5.018662618
ID163;76.96600294;77;DEC;2022;Juvenile;Early wet;Sao Mateus;222;173.01;1.581292761;236.1555619;0.63193775;0.129698569;0.407646721;4.868174594
ID163;79.22900391;79.2;DEC;2022;Juvenile;Early wet;Sao Mateus;222;173.01;1.581292761;256.7352295;1.078433836;0.628879575;0.731737872;4.574990773
ID164;65.64703393;65.6;DEC;2022;Juvenile;Early wet;Sao Mateus;166;72.52;1.58538057;219.0268529;1.694377818;0.167251984;0.032532696;2.721396935
ID164;67.91101098;67.9;DEC;2022;Juvenile;Early wet;Sao Mateus;166;72.52;1.58538057;243.1034364;0.245021954;0.161303673;0.191234992;3.832778073
ID164;70.17401099;70.2;DEC;2022;Juvenile;Early wet;Sao Mateus;166;72.52;1.58538057;307.3641093;0.597092893;0.632788627;4.814409574;4.416894035
ID165;63.38400292;63.4;DEC;2022;Juvenile;Early wet;Sao Mateus;162;61.8;1.453595037;251.9682711;NA;0.181302039;0.160234008;3.816611174
ID165;65.64800978;65.6;DEC;2022;Juvenile;Early wet;Sao Mateus;162;61.8;1.453595037;224.1046192;NA;0.146930962;0.095646085;3.157040004
ID165;67.91101098;67.9;DEC;2022;Juvenile;Early wet;Sao Mateus;162;61.8;1.453595037;229.3775821;NA;0.352069571;1.600198785;1.098883544
ID173;81.49395704;81.5;AUG;2022;Juvenile;Late dry;Sao Mateus;197;115.45;1.510063669;264.2841664;0.346739372;0.114913031;1.100314956;9.616094887
ID173;83.75695801;83.8;AUG;2022;Juvenile;Late dry;Sao Mateus;197;115.45;1.510063669;263.4952823;0.336157582;0.55421191;1.604383229;9.711609227
ID173;86.02099586;86;AUG;2022;Juvenile;Late dry;Sao Mateus;197;115.45;1.510063669;284.631594;0.073430544;0.287957071;1.604383229;8.702491812
ID174;67.91113305;67.9;AUG;2022;Juvenile;Late dry;Sao Mateus;185;91.11;1.43896709;240.4107599;0.480016742;0.206195811;0.233599921;21.70566406
ID174;70.17407203;70.2;AUG;2022;Juvenile;Late dry;Sao Mateus;185;91.11;1.43896709;275.2354282;0.406727598;0.184168304;0.464293441;17.95617183
ID174;72.437989;72.4;AUG;2022;Juvenile;Late dry;Sao Mateus;185;91.11;1.43896709;252.3583298;1.067214912;0.064495387;0.035420689;11.72939149
ID197;74.70202589;74.7;OCT;2022;Juvenile;Early wet;Sao Mateus;196;127.96;1.699440709;270.8383136;1.026646986;0.30730349;0.424830592;8.071499395
ID197;76.96594191;77;OCT;2022;Juvenile;Early wet;Sao Mateus;196;127.96;1.699440709;225.6161181;0.276967117;0.135176301;0.424830592;4.528210063
ID197;79.22997999;79.2;OCT;2022;Juvenile;Early wet;Sao Mateus;196;127.96;1.699440709;230.5202466;0.043780397;0.303962998;0.264836064;3.476222742
ID198;63.38403296;63.4;OCT;2022;Juvenile;Early wet;Sao Mateus;133;40.13;1.70574551;229.1877748;1.574441733;0.116413494;0.37162249;3.192796961
ID198;65.64801002;65.6;OCT;2022;Juvenile;Early wet;Sao Mateus;133;40.13;1.70574551;228.0762746;0.83573904;0.181623407;0.122481383;3.071942905
ID198;67.91101098;67.9;OCT;2022;Juvenile;Early wet;Sao Mateus;133;40.13;1.70574551;238.1062039;0.310694906;0.153227749;0.953495984;3.290004284
ID199;70.174927;70.2;OCT;2022;Juvenile;Early wet;Sao Mateus;139;43.52;1.620483025;201.4993723;0.579760462;0.126859914;1.049792342;2.853489734
ID199;72.43786716;72.4;OCT;2022;Juvenile;Early wet;Sao Mateus;139;43.52;1.620483025;187.8776987;0.011513322;0.994281081;0.177307369;2.683552681
ID199;74.70202708;74.7;OCT;2022;Juvenile;Early wet;Sao Mateus;139;43.52;1.620483025;291.2381026;0.018506408;0.994281081;1.072898216;2.703225722
ID201;65.64697289;65.6;OCT;2022;Juvenile;Early wet;Sao Mateus;160;66.69;1.628173828;227.3988052;2.110664565;0.055350211;0.261228894;9.374871849
ID201;67.91101098;67.9;OCT;2022;Juvenile;Early wet;Sao Mateus;160;66.69;1.628173828;221.4136947;1.532626457;0.093937577;0.304792302;6.101951738
ID201;70.174927;70.2;OCT;2022;Juvenile;Early wet;Sao Mateus;160;66.69;1.628173828;214.8748192;1.308142011;0.107294953;0.108967024;5.202116311
ID202;67.91101098;67.9;OCT;2022;Juvenile;Early wet;Sao Mateus;149;52.31;1.581342397;208.3630467;1.01883955;0.838675262;1.487981125;3.784319549
ID202;70.17504907;70.2;OCT;2022;Juvenile;Early wet;Sao Mateus;149;52.31;1.581342397;199.5926315;1.267084506;2.703044618;0.319006091;3.799597762
ID202;72.43902612;72.4;OCT;2022;Juvenile;Early wet;Sao Mateus;149;52.31;1.581342397;207.7503748;0.067576208;2.5323664;0.817906366;4.32325444
ID204;83.75708008;83.8;OCT;2022;Juvenile;Early wet;Sao Mateus;203;142.02;1.697701743;195.2525688;1.798075016;0.131649002;0.159722987;5.053489311
ID204;86.02099586;86;OCT;2022;Juvenile;Early wet;Sao Mateus;203;142.02;1.697701743;186.0748689;0.045471753;0.289906427;0.04242486;4.130839589
ID204;88.2840569;88.3;OCT;2022;Juvenile;Early wet;Sao Mateus;203;142.02;1.697701743;955.2461292;1.798075016;0.771367991;0.847282915;0.697153357
ID205;81.49291992;81.5;OCT;2022;Juvenile;Early wet;Sao Mateus;230;195.02;1.602860196;230.3801358;1.724020663;0.009814134;0.416312846;10.24608104
ID205;83.75708008;83.8;OCT;2022;Juvenile;Early wet;Sao Mateus;230;195.02;1.602860196;259.1555861;0.643520057;0.105878395;0.280911187;7.589061612
ID205;86.02002001;86;OCT;2022;Juvenile;Early wet;Sao Mateus;230;195.02;1.602860196;229.932937;0.472354566;0.011890442;0.563584282;5.444249284
ID209;72.43798804;72.4;SEP;2022;Juvenile;Late dry;Sao Mateus;190;112.78;1.644263012;239.417846;0.603963425;0.031080637;0.165213391;5.54415424
ID209;74.70190406;74.7;SEP;2022;Juvenile;Late dry;Sao Mateus;190;112.78;1.644263012;241.3467313;0.48890808;0.132951566;0.017151951;4.391264606
ID209;76.96594214;77;SEP;2022;Juvenile;Late dry;Sao Mateus;190;112.78;1.644263012;232.7953259;0.5180468;0.15044794;0.03333236;3.82564128
ID211;72.437989;72.4;SEP;2022;Juvenile;Late dry;Sao Mateus;160;57.56;1.405273438;236.9380476;0.112086154;0.094172913;1.009880119;9.790848584
ID211;74.70202708;74.7;SEP;2022;Juvenile;Late dry;Sao Mateus;160;57.56;1.405273438;261.5778005;1.570372466;0.272779354;0.872895371;9.090319185
ID211;76.96502709;77;SEP;2022;Juvenile;Late dry;Sao Mateus;160;57.56;1.405273438;270.3481173;0.474732871;0.398648804;4.271612499;8.208482589
ID212;74.70196509;74.7;SEP;2022;Juvenile;Late dry;Sao Mateus;165;62.42;1.389542811;238.4050669;0.547948844;0.011952195;0.239852239;5.133392742
ID212;76.96600318;77;SEP;2022;Juvenile;Late dry;Sao Mateus;165;62.42;1.389542811;244.772982;0.519237307;0.196418816;0.188382618;5.183315477
ID212;79.22991896;79.2;SEP;2022;Juvenile;Late dry;Sao Mateus;165;62.42;1.389542811;257.4095505;0.313447144;0.023640089;0.139407833;5.127269793
ID220;76.96600294;77;NOV;2022;Juvenile;Early wet;Sao Mateus;189;122.73;1.817880461;242.6695704;2.391255158;0.175037926;0.244648558;5.831267966
ID220;79.23004103;79.2;NOV;2022;Juvenile;Early wet;Sao Mateus;189;122.73;1.817880461;238.3523761;0.074140966;0.161151619;0.100560057;5.54810314
ID220;81.49401808;81.5;NOV;2022;Juvenile;Early wet;Sao Mateus;189;122.73;1.817880461;229.579056;1.662754621;0.158307374;0.134868274;5.302586495
ID221;70.17504883;70.2;NOV;2022;Juvenile;Early wet;Sao Mateus;173;81.92;1.582164495;198.8878389;0.171550535;0.516568544;0.03118896;3.639167368
ID221;72.437989;72.4;NOV;2022;Juvenile;Early wet;Sao Mateus;173;81.92;1.582164495;204.1705988;1.049220716;0.05241887;0.357467965;3.868775481
ID221;74.70202684;74.7;NOV;2022;Juvenile;Early wet;Sao Mateus;173;81.92;1.582164495;212.7296468;1.385486699;0.114951461;1.146792296;3.507379358
ID222;47.53799391;47.5;NOV;2022;Juvenile;Early wet;Sao Mateus;104;17.56;1.561077606;227.4641783;0.008468367;0.131312147;0.031813387;1.641005678
ID222;49.80200195;49.8;NOV;2022;Juvenile;Early wet;Sao Mateus;104;17.56;1.561077606;235.7727923;0.072495587;0.075448606;0.23620074;1.663529637
ID222;52.06500196;52.1;NOV;2022;Juvenile;Early wet;Sao Mateus;104;17.56;1.561077606;235.0296234;0.065288042;0.190062766;0.189983164;2.071188151
ID235;67.91113305;67.9;OCT;2022;Juvenile;Early wet;Sao Mateus;186;113.11;1.757770492;211.2080499;0.248529923;0.359569212;0.465201455;3.264372692
ID235;70.17407298;70.2;OCT;2022;Juvenile;Early wet;Sao Mateus;186;113.11;1.757770492;227.3295403;0.387785116;0.012473983;0.327408476;2.871954556
ID235;72.437989;72.4;OCT;2022;Juvenile;Early wet;Sao Mateus;186;113.11;1.757770492;222.1671666;0.248529923;0.032549471;0.186470546;2.668308687
ID236;65.64819407;65.6;OCT;2022;Juvenile;Early wet;Sao Mateus;190;125.1;1.823881032;203.9585518;0.325812321;0.143113887;0.036955045;4.329965642
ID236;67.91113305;67.9;OCT;2022;Juvenile;Early wet;Sao Mateus;190;125.1;1.823881032;214.2826914;0.482705359;0.901517101;0.329192633;3.750233599
ID236;70.17504907;70.2;OCT;2022;Juvenile;Early wet;Sao Mateus;190;125.1;1.823881032;202.8904275;0.325812321;0.004520371;0.126112087;3.672469238
ID247;76.96600294;77;JAN;2023;Juvenile;Late wet;Sao Mateus;192;117.52;1.660382306;227.525943;0.777063026;0.137978529;0.001719261;25.30999115
ID247;79.22900391;79.2;JAN;2023;Juvenile;Late wet;Sao Mateus;192;117.52;1.660382306;229.2372395;0.022899932;0.281515462;0.300311847;21.8512855
ID247;81.49298096;81.5;JAN;2023;Juvenile;Late wet;Sao Mateus;192;117.52;1.660382306;226.7785327;1.031890739;0.028491793;0.222718378;24.20641357
ID248;76.96508813;77;JAN;2023;Juvenile;Late wet;Sao Mateus;170;71.74;1.460207612;264.9059637;1.471770059;0.304005677;0.812964287;48.34493998
ID248;79.22900414;79.2;JAN;2023;Juvenile;Late wet;Sao Mateus;170;71.74;1.460207612;238.0261178;1.995346603;0.343006056;0.728066291;46.92102635
ID248;81.49304199;81.5;JAN;2023;Juvenile;Late wet;Sao Mateus;170;71.74;1.460207612;323.9458857;1.037959111;1.44411205;1.005639352;50.70899753
ID249;70.17407298;70.2;JAN;2023;Juvenile;Late wet;Sao Mateus;193;123.13;1.712742019;248.5838683;1.414594784;0.134226694;0.334010435;42.11328677
ID249;72.437989;72.4;JAN;2023;Juvenile;Late wet;Sao Mateus;193;123.13;1.712742019;269.122249;0.364494732;0.117593434;0.369107563;42.8313323
ID249;74.70214891;74.7;JAN;2023;Juvenile;Late wet;Sao Mateus;193;123.13;1.712742019;262.5828227;0.443320528;0.220337999;0.23391129;40.40598477
ID251;67.91101098;67.9;JAN;2023;Juvenile;Late wet;Sao Mateus;172;74.81;1.470192876;253.5756174;0.99077118;0.22889388;0.910891474;37.38391724
ID251;70.1739502;70.2;JAN;2023;Juvenile;Late wet;Sao Mateus;172;74.81;1.470192876;279.199103;0.561463139;0.384127986;0.395734317;38.88502924
ID251;72.43798804;72.4;JAN;2023;Juvenile;Late wet;Sao Mateus;172;74.81;1.470192876;263.8389386;0.851903063;0.172219361;0.301635966;43.51890339
ID253;74.70214891;74.7;JAN;2023;Juvenile;Late wet;Sao Mateus;167;67.94;1.458734079;248.8175021;0.336772229;0.142140708;0.453764416;29.29563253
ID253;76.96606493;77;JAN;2023;Juvenile;Late wet;Sao Mateus;167;67.94;1.458734079;261.2267894;1.021304832;0.0685762;1.072933521;27.78738899
ID253;79.22998095;79.2;JAN;2023;Juvenile;Late wet;Sao Mateus;167;67.94;1.458734079;259.9572382;1.169486474;0.634198665;5.292021122;41.4853824
ID254;54.32885695;54.3;JAN;2023;Juvenile;Late wet;Sao Mateus;172;71.07;1.396693058;277.0544284;0.310624169;0.039208817;1.492960708;5.558308399
ID254;56.59179688;56.6;JAN;2023;Juvenile;Late wet;Sao Mateus;172;71.07;1.396693058;268.6788141;0.310624169;0.181880723;0.382556127;6.015238094
ID254;58.85595703;58.9;JAN;2023;Juvenile;Late wet;Sao Mateus;172;71.07;1.396693058;270.8719529;0.170562878;0.014002093;1.222999835;5.566174485
ID255;67.91101098;67.9;JAN;2023;Juvenile;Late wet;Sao Mateus;162;60.07;1.412903784;255.0464483;0.681146168;0.256411183;0.45391612;25.13689639
ID255;70.17394996;70.2;JAN;2023;Juvenile;Late wet;Sao Mateus;162;60.07;1.412903784;280.6588396;1.777122342;0.030145831;0.223085871;22.71569058
ID255;72.43786597;72.4;JAN;2023;Juvenile;Late wet;Sao Mateus;162;60.07;1.412903784;250.4206972;2.147483078;0.210066029;0.533756783;25.17199568
ID258;63.38403296;63.4;JAN;2023;Juvenile;Late wet;Sao Mateus;141;42.58;1.518966931;218.8802653;1.185604057;0.143468114;0.730735907;21.5390027
ID258;65.64794898;65.6;JAN;2023;Juvenile;Late wet;Sao Mateus;141;42.58;1.518966931;213.5001862;0.701732542;0.247108615;0.539423538;18.98636366
ID258;67.91113305;67.9;JAN;2023;Juvenile;Late wet;Sao Mateus;141;42.58;1.518966931;216.4510275;0.537834991;0.17573486;0.655633648;18.73797734
ID259;38.48303199;38.5;JAN;2023;Juvenile;Late wet;Sao Mateus;129;30.43;1.417531836;243.7768783;0.920638086;0.757805794;6.36177391;30.65126448
ID259;40.746948;40.7;JAN;2023;Juvenile;Late wet;Sao Mateus;129;30.43;1.417531836;256.3487162;1.100068576;2.113643441;6.36177391;24.62040389
ID259;43.01000905;43;JAN;2023;Juvenile;Late wet;Sao Mateus;129;30.43;1.417531836;213.8239319;0.203270832;0.332019961;3.72689421;21.75310388
ID260;45.27404785;45.3;JAN;2023;Juvenile;Late wet;Sao Mateus;114;20.57;1.388416409;245.8223442;0.54564356;0.148631112;0.469108833;34.44440894
ID260;47.53710985;47.5;JAN;2023;Juvenile;Late wet;Sao Mateus;114;20.57;1.388416409;249.2262678;3.188315877;0.170197428;0.282425721;37.50843237
ID260;49.80102587;49.8;JAN;2023;Juvenile;Late wet;Sao Mateus;114;20.57;1.388416409;253.4275897;1.792734965;0.211562677;0.46589144;43.00788674
ID272;86.02099705;86;FEB;2023;Juvenile;Late wet;Sao Mateus;199;134.04;1.700885935;226.6490972;4.18128848;0.120865199;0.217888659;24.18904907
ID272;88.28491306;88.3;FEB;2023;Juvenile;Late wet;Sao Mateus;199;134.04;1.700885935;231.9143613;1.885181747;0.254636409;0.430746485;20.88141424
ID272;90.54809594;90.5;FEB;2023;Juvenile;Late wet;Sao Mateus;199;134.04;1.700885935;265.1321193;1.28095565;0.289266905;0.44027586;18.70880471
ID273;81.49304199;81.5;FEB;2023;Juvenile;Late wet;Sao Mateus;200;136.63;1.707875;248.5904602;1.336722658;0.175690075;0.221566427;32.51848056
ID273;83.75695801;83.8;FEB;2023;Juvenile;Late wet;Sao Mateus;200;136.63;1.707875;262.0394808;3.414215301;0.107872276;0.203149714;46.33753036
ID273;86.01989698;86;FEB;2023;Juvenile;Late wet;Sao Mateus;200;136.63;1.707875;277.5425395;2.796669124;0.143859853;0.358012476;75.80894846
ID274;72.43896484;72.4;FEB;2023;Juvenile;Late wet;Sao Mateus;205;134.37;1.559698786;272.2252052;1.852550625;0.13615558;7.055630544;4.75966345
ID274;74.703125;74.7;FEB;2023;Juvenile;Late wet;Sao Mateus;205;134.37;1.559698786;416.392012;2.403289663;0.395591242;0.645070856;7.549299499
ID274;76.96606493;77;FEB;2023;Juvenile;Late wet;Sao Mateus;205;134.37;1.559698786;353.5886032;4.139541846;0.035602458;2.029480421;9.85671504
ID275;79.22900391;79.2;FEB;2023;Juvenile;Late wet;Sao Mateus;200;125.87;1.573375;240.2016952;0.47183004;0.078983737;0.302939741;8.151386254
ID275;81.49298096;81.5;FEB;2023;Juvenile;Late wet;Sao Mateus;200;125.87;1.573375;258.3543753;0.068286241;0.119331109;0.325900139;19.83497543
ID275;83.75695801;83.8;FEB;2023;Juvenile;Late wet;Sao Mateus;200;125.87;1.573375;316.8157374;0.905030374;0.343644087;1.040523721;21.61810209
ID277;70.17382789;70.2;FEB;2023;Juvenile;Late wet;Sao Mateus;175;95.32;1.778565598;276.2685795;0.134403975;0.122613234;0.477875514;5.923862579
ID277;72.43798804;72.4;FEB;2023;Juvenile;Late wet;Sao Mateus;175;95.32;1.778565598;292.8534511;0.38247777;#VALOR!;0.446403137;6.388041321
ID277;74.70190406;74.7;FEB;2023;Juvenile;Late wet;Sao Mateus;175;95.32;1.778565598;292.9592894;0.026333572;0.090849674;1.366627504;7.780353238
ID278;72.43902588;72.4;FEB;2023;Juvenile;Late wet;Sao Mateus;174;81.01;1.537768241;221.8787545;0.215211932;0.109279848;0.07257852;18.42438872
ID278;74.70202589;74.7;FEB;2023;Juvenile;Late wet;Sao Mateus;174;81.01;1.537768241;231.5324314;0.575540259;0.238799967;0.349154284;37.17091187
ID278;76.96600294;77;FEB;2023;Juvenile;Late wet;Sao Mateus;174;81.01;1.537768241;250.9015566;2.972089023;0.11154;0.301686904;53.69465697
ID279;79.22997999;79.2;FEB;2023;Juvenile;Late wet;Sao Mateus;165;71.9;1.600578791;294.4149676;1.784634045;0.060331228;0.524947304;38.22993059
ID279;81.49291992;81.5;FEB;2023;Juvenile;Late wet;Sao Mateus;165;71.9;1.600578791;304.5592663;1.662116272;0.039502251;0.34522599;29.23545903
ID279;83.75683594;83.8;FEB;2023;Juvenile;Late wet;Sao Mateus;165;71.9;1.600578791;275.8781348;1.472234123;0.068887586;0.139211463;28.65979132
ID280;76.96582007;77;FEB;2023;Juvenile;Late wet;Sao Mateus;165;66.95;1.490385953;257.0484655;1.328552422;0.034916388;0.232152875;11.81057475
ID280;79.22997999;79.2;FEB;2023;Juvenile;Late wet;Sao Mateus;165;66.95;1.490385953;231.5333686;0.916848302;0.11484994;0.580205903;14.18090293
ID280;81.49389601;81.5;FEB;2023;Juvenile;Late wet;Sao Mateus;165;66.95;1.490385953;292.6820759;1.112057867;0.32952797;5.348092145;3.235490405
ID281;74.70202589;74.7;FEB;2023;Juvenile;Late wet;Sao Mateus;160;71.34;1.741699219;192.3267085;0.396202265;0.164196451;0.258697936;22.08968042
ID281;76.96594191;77;FEB;2023;Juvenile;Late wet;Sao Mateus;160;71.34;1.741699219;193.6836464;0.015399302;0.133313934;0.175353439;19.36439833
ID281;79.22900391;79.2;FEB;2023;Juvenile;Late wet;Sao Mateus;160;71.34;1.741699219;199.6522192;0.501883847;0.05871215;0.207632521;18.65408587
ID282;67.91101098;67.9;FEB;2023;Juvenile;Late wet;Sao Mateus;161;59.34;1.421902815;236.9391729;0.224941907;0.142297982;0.421741783;22.58043538
ID282;70.17501783;70.2;FEB;2023;Juvenile;Late wet;Sao Mateus;161;59.34;1.421902815;251.7804914;0.492912664;0.151108864;0.314318376;34.71635274
ID282;72.43801904;72.4;FEB;2023;Juvenile;Late wet;Sao Mateus;161;59.34;1.421902815;221.5080811;0.734172591;0.040533746;0.35846215;25.81831935
ID283;56.59301805;56.6;FEB;2023;Juvenile;Late wet;Sao Mateus;155;62.84;1.68748951;232.3449912;2.596389814;0.216714295;0.278691048;42.43908759
ID283;58.85595703;58.9;FEB;2023;Juvenile;Late wet;Sao Mateus;155;62.84;1.68748951;247.8542236;3.606229336;0.212176528;0.676664223;60.64698752
ID283;61.11999512;61.1;FEB;2023;Juvenile;Late wet;Sao Mateus;155;62.84;1.68748951;225.5265986;4.361839662;0.333417103;0.848310128;85.58665684
ID284;63.38293386;63.4;FEB;2023;Juvenile;Late wet;Sao Mateus;157;71.77;1.85457324;248.3777194;1.598189843;0.169732109;0.178839121;31.95230333
ID284;65.64697194;65.6;FEB;2023;Juvenile;Late wet;Sao Mateus;157;71.77;1.85457324;257.5006589;1.377112073;0.445262822;0.215401935;43.33327684
ID284;67.91088796;67.9;FEB;2023;Juvenile;Late wet;Sao Mateus;157;71.77;1.85457324;243.6903855;2.17101999;0.222621276;0.542584699;65.10292199
ID285;63.38293386;63.4;FEB;2023;Juvenile;Late wet;Sao Mateus;150;55.37;1.640592593;212.9947893;0.048472423;0.046866055;2.30814551;12.83990445
ID285;65.64697194;65.6;FEB;2023;Juvenile;Late wet;Sao Mateus;150;55.37;1.640592593;223.0510642;1.083219191;0.00767809;0.131475612;23.91180189
ID285;67.91088796;67.9;FEB;2023;Juvenile;Late wet;Sao Mateus;150;55.37;1.640592593;180.5101586;0.307408121;0.11599075;0.478229311;40.9908857
ID286;63.38403392;63.4;FEB;2023;Juvenile;Late wet;Sao Mateus;140;42.22;1.538629738;294.9735334;2.75673744;0.22055989;0.600966766;4.57723239
ID286;65.64697289;65.6;FEB;2023;Juvenile;Late wet;Sao Mateus;140;42.22;1.538629738;237.1436418;2.980938353;0.031995313;0.35053398;10.33879085
ID286;67.91113281;67.9;FEB;2023;Juvenile;Late wet;Sao Mateus;140;42.22;1.538629738;233.93976;3.223867172;0.310272478;3.682245434;1.829100799
ID287;49.80096388;49.8;FEB;2023;Juvenile;Late wet;Sao Mateus;125;32.73;1.675776;259.1873341;0.698694538;0.104096209;0.819025087;3.786446832
ID287;52.06500196;52.1;FEB;2023;Juvenile;Late wet;Sao Mateus;125;32.73;1.675776;265.9320726;0.820405285;0.085967221;0.384935199;4.857698879
ID287;54.32806396;54.3;FEB;2023;Juvenile;Late wet;Sao Mateus;125;32.73;1.675776;276.673881;1.152312918;0.040812221;0.508964012;2.220057525
ID322;83.756989;83.8;MAR;2023;Juvenile;Late wet;Sao Mateus;226;187.93;1.628061462;237.0685898;1.928815604;0.116047063;0.111476574;41.3059083
ID322;86.01998901;86;MAR;2023;Juvenile;Late wet;Sao Mateus;226;187.93;1.628061462;242.1387889;0.518005106;0.114466536;0.154799691;29.20842896
ID322;88.28399706;88.3;MAR;2023;Juvenile;Late wet;Sao Mateus;226;187.93;1.628061462;262.8984068;0.474098722;0.170572783;0.131534783;39.71244042
ID323;74.70202589;74.7;MAR;2023;Juvenile;Late wet;Sao Mateus;197;151.43;1.980675109;267.855832;2.78713507;0.514346723;1.196447861;68.32745243
ID323;76.96594191;77;MAR;2023;Juvenile;Late wet;Sao Mateus;197;151.43;1.980675109;266.664299;2.487298689;0.430057857;1.031479686;76.3729232
ID323;79.23010302;79.2;MAR;2023;Juvenile;Late wet;Sao Mateus;197;151.43;1.980675109;288.2056426;2.494117633;0.395372612;1.17445758;89.65143274
ID324;70.174927;70.2;MAR;2023;Juvenile;Late wet;Sao Mateus;190;122.99;1.79311853;248.8274484;0.669784926;0.14369665;0.44038051;58.08494668
ID324;72.4379878;72.4;MAR;2023;Juvenile;Late wet;Sao Mateus;190;122.99;1.79311853;239.2470017;0.532270287;0.213497338;0.324210646;103.1904999
ID324;74.70190382;74.7;MAR;2023;Juvenile;Late wet;Sao Mateus;190;122.99;1.79311853;245.7969966;0.891930856;0.835481421;4.58917421;142.7121354
ID326;88.28405786;88.3;MAR;2023;Juvenile;Late wet;Sao Mateus;200;137.53;1.719125;247.0424703;0.931280995;0.079954907;0.157483582;35.96331506
ID326;90.54699683;90.5;MAR;2023;Juvenile;Late wet;Sao Mateus;200;137.53;1.719125;233.0546522;2.428224494;0.215771779;0.345023064;69.92007712
ID326;92.81103492;92.8;MAR;2023;Juvenile;Late wet;Sao Mateus;200;137.53;1.719125;249.0602133;2.448058028;0.132042591;0.488576517;109.6867147
ID327;67.91097999;67.9;MAR;2023;Juvenile;Late wet;Sao Mateus;190;112.58;1.641347135;249.1664209;0.736961273;0.088378569;0.501596644;19.65901838
ID327;70.17501783;70.2;MAR;2023;Juvenile;Late wet;Sao Mateus;190;112.58;1.641347135;251.8477461;10.20382184;0.126765121;0.277124142;20.71197346
ID327;72.43801785;72.4;MAR;2023;Juvenile;Late wet;Sao Mateus;190;112.58;1.641347135;243.1673141;1.903174408;0.124616721;0.265782158;34.57872266
ID328;83.75707984;83.8;MAR;2023;Juvenile;Late wet;Sao Mateus;189;109.14;1.616584971;251.6472719;0.327441949;0.156360211;0.657667344;30.04184802
ID328;86.02099586;86;MAR;2023;Juvenile;Late wet;Sao Mateus;189;109.14;1.616584971;268.4931158;0.400597561;0.34494693;1.066810849;36.12144315
ID328;88.28393602;88.3;MAR;2023;Juvenile;Late wet;Sao Mateus;189;109.14;1.616584971;252.1632002;0.302155953;0.319131289;0.557713549;52.41451143
ID331;70.17382813;70.2;MAR;2023;Juvenile;Late wet;Sao Mateus;177;101.88;1.837253728;268.4113855;1.899230586;0.355002704;0.520872855;58.5198798
ID331;72.43798804;72.4;MAR;2023;Juvenile;Late wet;Sao Mateus;177;101.88;1.837253728;270.2531789;3.267956912;0.235887386;0.214014011;87.11741551
ID331;74.70190406;74.7;MAR;2023;Juvenile;Late wet;Sao Mateus;177;101.88;1.837253728;276.3560829;2.200852823;0.341380067;0.368713648;161.8992124
ID333;90.54699707;90.5;MAR;2023;Juvenile;Late wet;Sao Mateus;212;148.74;1.561062152;245.782502;3.506932136;0.238636687;0.155226369;37.3620841
ID333;92.81103516;92.8;MAR;2023;Juvenile;Late wet;Sao Mateus;212;148.74;1.561062152;246.4509862;2.460680191;0.047416636;0.271402318;55.13266621
ID333;95.07495093;95.1;MAR;2023;Juvenile;Late wet;Sao Mateus;212;148.74;1.561062152;231.6414894;3.066693436;0.301609857;1.245520521;83.74185951
ID335;65.64697289;65.6;MAR;2023;Juvenile;Late wet;Sao Mateus;181;98.22;1.656396123;276.8762412;2.578273655;0.503775119;0.59563923;50.84882361
ID335;67.91101098;67.9;MAR;2023;Juvenile;Late wet;Sao Mateus;181;98.22;1.656396123;265.9908415;2.453342;0.325516553;0.430673343;57.8674671
ID335;70.17504907;70.2;MAR;2023;Juvenile;Late wet;Sao Mateus;181;98.22;1.656396123;3131.919166;3.867330786;0.152536355;0.737475118;73.68974381
ID336;81.49389601;81.5;MAR;2023;Juvenile;Late wet;Sao Mateus;160;66.79;1.630615234;254.1937422;1.681337733;0.055603194;0.648281464;15.97967175
ID336;83.75695801;83.8;MAR;2023;Juvenile;Late wet;Sao Mateus;160;66.79;1.630615234;243.0539158;0.332599029;0.187974455;0.420204408;20.66338086
ID336;86.02099609;86;MAR;2023;Juvenile;Late wet;Sao Mateus;160;66.79;1.630615234;242.1391547;0.200424714;0.942853349;0.301263584;28.01030873
ID374;90.54785109;90.5;APR;2023;Juvenile;Early dry;Sao Mateus;235;212.5;1.637402117;264.47802;0.69635533;0.153885808;0.291049512;6.39182707
ID374;92.81079102;92.8;APR;2023;Juvenile;Early dry;Sao Mateus;235;212.5;1.637402117;271.3955747;0.420131089;0.387908073;0.247263341;9.091828891
ID374;95.07495093;95.1;APR;2023;Juvenile;Early dry;Sao Mateus;235;212.5;1.637402117;261.0420094;0.132663697;0.083008309;0.105253804;9.631260193
ID376;81.49291992;81.5;APR;2023;Juvenile;Early dry;Sao Mateus;223;192.46;1.735505092;263.8654127;1.401061334;0.174839118;0.204187617;7.605278033
ID376;83.75707984;83.8;APR;2023;Juvenile;Early dry;Sao Mateus;223;192.46;1.735505092;285.2640049;2.323396323;0.27270021;0.242726592;11.27853408
ID376;86.02002001;86;APR;2023;Juvenile;Early dry;Sao Mateus;223;192.46;1.735505092;245.9841991;2.002049056;0.150803996;0.039929416;14.38708133
ID378;79.22900391;79.2;APR;2023;Juvenile;Early dry;Sao Mateus;215;128.54;1.293370395;272.8992514;0.291361612;0.149257728;0.189941889;9.995915724
ID378;81.49316382;81.5;APR;2023;Juvenile;Early dry;Sao Mateus;215;128.54;1.293370395;271.4991957;0.682005763;0.200257144;0.160875415;15.07161483
ID378;83.75707984;83.8;APR;2023;Juvenile;Early dry;Sao Mateus;215;128.54;1.293370395;270.9688612;0.657081908;0.204106286;0.272376645;15.95186576
ID381;74.70202708;74.7;APR;2023;Juvenile;Early dry;Sao Mateus;233;210.75;1.666095227;233.1715579;1.203953136;0.163202367;0.755259486;27.53609022
ID381;76.96606493;77;APR;2023;Juvenile;Early dry;Sao Mateus;233;210.75;1.666095227;248.771949;1.668059063;0.185578794;0.799110275;40.93354873
ID381;79.22998095;79.2;APR;2023;Juvenile;Early dry;Sao Mateus;233;210.75;1.666095227;262.0953661;2.690959881;0.220277832;0.583423009;73.27029386
ID382;76.96600294;77;APR;2023;Juvenile;Early dry;Sao Mateus;210;174.49;1.884137782;237.1341858;1.109888307;0.173977128;1.190147867;46.20266858
ID382;79.22900295;79.2;APR;2023;Juvenile;Early dry;Sao Mateus;210;174.49;1.884137782;251.3695784;0.615768935;0.361129475;1.107397896;39.64898804
ID382;81.49298;81.5;APR;2023;Juvenile;Early dry;Sao Mateus;210;174.49;1.884137782;264.1875496;18.00848432;0.540094669;0.693609331;36.17067845
ID383;88.28500295;88.3;APR;2023;Juvenile;Early dry;Sao Mateus;198;147.37;1.898512726;239.7050554;2.381587976;0.419742717;0.627692551;65.96299875
ID383;90.54800391;90.5;APR;2023;Juvenile;Early dry;Sao Mateus;198;147.37;1.898512726;250.6247306;1.287393673;0.242235333;0.819436072;90.07043002
ID383;92.81201196;92.8;APR;2023;Juvenile;Early dry;Sao Mateus;198;147.37;1.898512726;503.6644005;3.062251678;0.330337206;1.287244725;99.26956171
ID385;88.28405809;88.3;APR;2023;Juvenile;Early dry;Sao Mateus;200;184.81;2.310125;224.4423371;1.746458797;0.075075977;0.261732789;23.09748265
ID385;90.54699707;90.5;APR;2023;Juvenile;Early dry;Sao Mateus;200;184.81;2.310125;224.6762235;0.379345591;0.058732786;0.292883707;28.42176109
ID385;92.81103611;92.8;APR;2023;Juvenile;Early dry;Sao Mateus;200;184.81;2.310125;239.4430453;0.380634124;0.087621476;1.061061682;44.03712632
ID386;67.91101003;67.9;APR;2023;Juvenile;Early dry;Sao Mateus;230;204.86;1.683734692;238.9615714;0.794181468;0.112171647;0.264184641;8.361346064
ID386;70.17407203;70.2;APR;2023;Juvenile;Early dry;Sao Mateus;230;204.86;1.683734692;278.1130461;0.497763846;0.283148533;3.136603252;9.60808075
ID386;72.43798804;72.4;APR;2023;Juvenile;Early dry;Sao Mateus;230;204.86;1.683734692;346.3480176;0.371732416;0.950593163;13.22127525;10.38458301
ID388;81.49291992;81.5;APR;2023;Juvenile;Early dry;Sao Mateus;185;107.91;1.704301818;229.278124;1.128842329;0.053101285;0.477613417;6.853975105
ID388;83.75695801;83.8;APR;2023;Juvenile;Early dry;Sao Mateus;185;107.91;1.704301818;252.3381971;0.845011875;0.223466839;0.528932612;12.99865698
ID388;86.02099705;86;APR;2023;Juvenile;Early dry;Sao Mateus;185;107.91;1.704301818;235.275142;0.54059587;0.174222508;0.430884924;20.72928177
ID390;58.85595703;58.9;APR;2023;Juvenile;Early dry;Sao Mateus;129;35.91;1.672808684;287.4901133;0.864735265;0.173926921;0.237422667;24.18759623
ID390;61.11901903;61.1;APR;2023;Juvenile;Early dry;Sao Mateus;129;35.91;1.672808684;271.457862;1.178341268;0.147256609;0.261425833;21.26193141
ID390;63.38293505;63.4;APR;2023;Juvenile;Early dry;Sao Mateus;129;35.91;1.672808684;318.3226789;1.437767259;0.699500296;4.067206307;18.00015097
ID480;92.812011;92.8;MAY;2023;Juvenile;Early dry;Sao Mateus;225;207.01;1.817371742;276.1782619;0.118729748;0.283206598;0.702214518;20.79422737
ID480;95.07605004;95.1;MAY;2023;Juvenile;Early dry;Sao Mateus;225;207.01;1.817371742;250.3291653;0.510335668;0.105375586;0.35581639;16.35330685
ID480;97.33898902;97.3;MAY;2023;Juvenile;Early dry;Sao Mateus;225;207.01;1.817371742;278.3113356;0.191057269;0.120151251;0.510882474;15.9328072
ID481;79.22900414;79.2;MAY;2023;Juvenile;Early dry;Sao Mateus;205;144.96;1.682622133;258.6854919;1.052755964;0.097977483;0.19124105;12.0185055
ID481;81.49298096;81.5;MAY;2023;Juvenile;Early dry;Sao Mateus;205;144.96;1.682622133;262.5912437;1.708930029;0.166869038;0.055728053;11.99657713
ID481;83.75701904;83.8;MAY;2023;Juvenile;Early dry;Sao Mateus;205;144.96;1.682622133;272.1163824;1.593695156;0.078112822;0.232846337;8.495858084
ID482;72.43798804;72.4;MAY;2023;Juvenile;Early dry;Sao Mateus;180;100.04;1.715363512;213.1533622;0.314455585;0.583371195;0.128462341;26.12581519
ID482;74.70199609;74.7;MAY;2023;Juvenile;Early dry;Sao Mateus;180;100.04;1.715363512;212.8281546;0.317184175;0.211539445;1.739478714;22.94598101
ID482;76.9649961;77;MAY;2023;Juvenile;Early dry;Sao Mateus;180;100.04;1.715363512;208.0858209;0.728741654;0.630994245;1.559401039;19.6375906
ID487;54.32897902;54.3;MAY;2023;Juvenile;Early dry;Sao Mateus;160;72.32;1.765625;273.8716388;0.727686486;0.15908428;0.477004389;11.29480188
ID487;56.59301805;56.6;MAY;2023;Juvenile;Early dry;Sao Mateus;160;72.32;1.765625;262.8663085;0.061648783;0.176873771;0.341776876;6.488054728
ID487;58.85595703;58.9;MAY;2023;Juvenile;Early dry;Sao Mateus;160;72.32;1.765625;384.5587603;2.408664883;0.317495039;0.916086016;6.692761153
ID488;56.59204102;56.6;MAY;2023;Juvenile;Early dry;Sao Mateus;137;46.67;1.814997785;240.9554194;1.526157697;0.109856971;0.54116797;30.12658271
ID488;58.85601902;58.9;MAY;2023;Juvenile;Early dry;Sao Mateus;137;46.67;1.814997785;265.7490588;0.529423123;0.110152082;0.320830487;22.91414499
ID488;61.11999607;61.1;MAY;2023;Juvenile;Early dry;Sao Mateus;137;46.67;1.814997785;253.0921504;0.989077532;0.145891582;0.077983574;16.76585708
ID489;65.64703417;65.6;MAY;2023;Juvenile;Early dry;Sao Mateus;130;39.36;1.79153391;243.3001522;2.241112902;1.041640386;0.242907391;11.41903221
ID489;67.91101098;67.9;MAY;2023;Juvenile;Early dry;Sao Mateus;130;39.36;1.79153391;255.0952392;2.223839452;0.132988158;0.057361758;11.6010019
ID489;70.17401099;70.2;MAY;2023;Juvenile;Early dry;Sao Mateus;130;39.36;1.79153391;273.0000839;2.05051662;0.497986304;2.207222317;9.959467697
ID494;63.38397312;63.4;MAY;2023;Juvenile;Early dry;Sao Mateus;205;125.87;1.461035098;217.3934081;1.768097199;0.233514677;0.140930727;10.47471877
ID494;65.64795017;65.6;MAY;2023;Juvenile;Early dry;Sao Mateus;205;125.87;1.461035098;218.9353886;0.404863424;0.121681144;0.063672826;17.35273151
ID494;67.91095018;67.9;MAY;2023;Juvenile;Early dry;Sao Mateus;205;125.87;1.461035098;237.8481478;1.85098343;0.115384233;0.295943094;18.24207334
ID495;83.75683594;83.8;MAY;2023;Juvenile;Early dry;Sao Mateus;210;162.5;1.754670122;314.0227561;1.270962505;0.413857384;2.195717213;27.98725362
ID495;86.02099609;86;MAY;2023;Juvenile;Early dry;Sao Mateus;210;162.5;1.754670122;238.7175365;1.57803864;0.436291325;2.040739219;46.51808606
ID495;88.28393507;88.3;MAY;2023;Juvenile;Early dry;Sao Mateus;210;162.5;1.754670122;251.3942099;1.622200954;0.717775639;1.275345999;58.58125497
ID496;97.33898902;97.3;MAY;2023;Juvenile;Early dry;Sao Mateus;205;129.01;1.497482625;251.3793159;0.559980548;0.267752125;0.354410391;77.99424412
ID496;99.60302687;99.6;MAY;2023;Juvenile;Early dry;Sao Mateus;205;129.01;1.497482625;286.6347258;0.041545454;0.322878417;0.899260679;106.0586341
ID496;101.8660278;101.9;MAY;2023;Juvenile;Early dry;Sao Mateus;205;129.01;1.497482625;555.4004087;1.159192934;0.29094249;0.817236807;97.86383374
ID497;74.7021482;74.7;MAY;2023;Juvenile;Early dry;Sao Mateus;185;110.38;1.743312341;194.3710257;1.179556376;0.145128955;0.39415813;12.21209636
ID497;76.96508813;77;MAY;2023;Juvenile;Early dry;Sao Mateus;185;110.38;1.743312341;215.5721264;0.563650785;0.12307584;0.253278321;14.73187573
ID497;79.22900414;79.2;MAY;2023;Juvenile;Early dry;Sao Mateus;185;110.38;1.743312341;229.8771817;0.375523185;0.590709253;3.062724268;10.67885061
ID501;81.49401784;81.5;JUN;2023;Juvenile;Early dry;Sao Mateus;194;109.79;1.50368752;197.4133226;2.178387631;0.023117672;0.599466928;16.23744924
ID501;83.75707984;83.8;JUN;2023;Juvenile;Early dry;Sao Mateus;194;109.79;1.50368752;209.6016488;1.269457952;0.004585304;0.233444041;12.49809086
ID501;86.02099586;86;JUN;2023;Juvenile;Early dry;Sao Mateus;194;109.79;1.50368752;208.7130718;2.108811432;0.029759369;0.350613717;9.809375574
ID502;67.91101098;67.9;JUN;2023;Juvenile;Early dry;Sao Mateus;185;98.67;1.558367718;286.3421262;0.387864191;2.024052749;2.436111763;12.70452325
ID502;70.174927;70.2;JUN;2023;Juvenile;Early dry;Sao Mateus;185;98.67;1.558367718;271.4483569;1.157426519;1.551632906;2.08534233;9.512664963
ID502;72.43798804;72.4;JUN;2023;Juvenile;Early dry;Sao Mateus;185;98.67;1.558367718;277.4858263;2.489152557;1.18574845;2.185092735;7.965388579
ID503;61.11999488;61.1;JUN;2023;Juvenile;Early dry;Sao Mateus;184;99.45;1.596435286;252.010486;1.791497775;0.030137983;0.056603501;8.559672978
ID503;63.38403296;63.4;JUN;2023;Juvenile;Early dry;Sao Mateus;184;99.45;1.596435286;254.0113153;1.391175986;0.178987362;0.263755005;6.486424546
ID503;65.64794898;65.6;JUN;2023;Juvenile;Early dry;Sao Mateus;184;99.45;1.596435286;268.7026701;1.439518545;0.291389488;4.567212813;5.703194702
ID504;79.22997999;79.2;JUN;2023;Juvenile;Early dry;Sao Mateus;184;87.88;1.410706214;240.6942192;0.339386627;0.534665999;1.353111256;13.84852221
ID504;81.49304199;81.5;JUN;2023;Juvenile;Early dry;Sao Mateus;184;87.88;1.410706214;260.2947202;0.378980272;0.597131822;1.727970033;11.27894364
ID504;83.75707984;83.8;JUN;2023;Juvenile;Early dry;Sao Mateus;184;87.88;1.410706214;232.2113028;0.265836308;0.720985465;1.500448939;8.388082954
ID506;61.11987305;61.1;JUN;2023;Juvenile;Early dry;Sao Mateus;181;89.65;1.511870417;298.7553079;0.157047219;0.173365939;0.661171288;8.708923502
ID506;63.38403296;63.4;JUN;2023;Juvenile;Early dry;Sao Mateus;181;89.65;1.511870417;295.9644101;1.208003337;0.268545092;1.301536996;6.24886442
ID506;65.64794898;65.6;JUN;2023;Juvenile;Early dry;Sao Mateus;181;89.65;1.511870417;281.163424;1.524282284;0.027822932;1.242628381;4.798626899
ID508;43.01001;43;JUN;2023;Juvenile;Early dry;Sao Mateus;165;66.77;1.486378941;244.2351526;0.629303008;0.402030023;0.422150695;30.29253602
ID508;45.27392602;45.3;JUN;2023;Juvenile;Early dry;Sao Mateus;165;66.77;1.486378941;241.5940509;0.67012169;0.335533394;0.480093308;16.5576856
ID508;47.53698683;47.5;JUN;2023;Juvenile;Early dry;Sao Mateus;165;66.77;1.486378941;280.7425182;1.242068102;1.143391725;9.087956084;12.80575417
ID509;79.22900391;79.2;JUN;2023;Juvenile;Early dry;Sao Mateus;200;112.52;1.4065;298.6537276;1.385267955;0.20572772;0.481015407;15.91055269
ID509;81.49316406;81.5;JUN;2023;Juvenile;Early dry;Sao Mateus;200;112.52;1.4065;325.9087021;0.340346887;0.341206711;3.928682597;13.07510782
ID509;83.75708008;83.8;JUN;2023;Juvenile;Early dry;Sao Mateus;200;112.52;1.4065;614.0449936;1.459896234;0.899473093;9.611499759;9.116750466
ID510;54.32885814;54.3;JUN;2023;Juvenile;Early dry;Sao Mateus;178;84.35;1.495633141;314.9019763;0.364612747;0.228079454;0.300686844;16.36496896
ID510;56.59277415;56.6;JUN;2023;Juvenile;Early dry;Sao Mateus;178;84.35;1.495633141;275.3639421;0.399473487;0.071559815;0.308887848;10.60924066
ID510;58.85595703;58.9;JUN;2023;Juvenile;Early dry;Sao Mateus;178;84.35;1.495633141;291.417603;0.617532228;0.160294578;0.422468603;9.530884893
ID511;79.22998095;79.2;JUN;2023;Juvenile;Early dry;Sao Mateus;159;64.04;1.593162041;283.9343458;0.165703547;0.166212609;0.238546608;17.01736606
ID511;81.49414086;81.5;JUN;2023;Juvenile;Early dry;Sao Mateus;159;64.04;1.593162041;298.935335;0.892788307;0.401133087;3.199602508;12.60246719
ID511;83.75707984;83.8;JUN;2023;Juvenile;Early dry;Sao Mateus;159;64.04;1.593162041;393.0798936;1.750678124;1.264465418;9.494779629;11.53960344
ID514;63.38397217;63.4;JUN;2023;Juvenile;Early dry;Sao Mateus;138;38.6;1.468757325;228.4820299;1.741404744;0.059170815;0.189557917;8.723885665
ID514;65.64697313;65.6;JUN;2023;Juvenile;Early dry;Sao Mateus;138;38.6;1.468757325;251.6331536;3.101199784;0.17863083;0.195517259;6.764856557
ID514;67.91101122;67.9;JUN;2023;Juvenile;Early dry;Sao Mateus;138;38.6;1.468757325;251.7056172;3.647379052;0.674906014;1.796241237;5.187467681
